{"cameraMode":{"drawMode":0,"name":"Shaded","section":"Shading Mode"},"sceneLighting":false,"audioPlay":false,"sceneViewState":{"showFog":true,"showMaterialUpdate":false,"showSkybox":false,"showFlares":true,"showImageEffects":true,"showParticleSystems":true},"in2DMode":false,"pivot":{"x":-1.9302306175231934,"y":3.804551124572754,"z":0.5491924285888672},"rotation":{"x":-0.09095975756645203,"y":-0.047785788774490359,"z":-0.0043749138712882999,"w":0.9947056174278259},"size":11.1746187210083,"orthographic":false}